asset,model,n,qlike_change_pct,t,t_first_half,t_second_half
MARKET,GARCH+weekday + total volume,1436,-2.643533064205735,-1.6026407335305382,-1.3244211245209572,-0.9100629771174872
BTC,GARCH+weekday + total volume,1438,-3.213646597282016,-2.5659847291821563,-2.449411147361922,-1.2991070853244622
BTC,GARCH+weekday + own volume,1438,-4.102627231475848,-3.530550956588856,-2.5631786051597043,-2.4297894190111164
BTC,GARCH+weekday + own AND total,1438,-2.910548881855066,-1.899149365060413,-1.0424690130212155,-1.8162658415366895
BTC,total volume ON TOP of own volume,1438,1.2430771721955365,1.2477947820343012,,
ETH,GARCH+weekday + total volume,1438,0.4647281086903833,0.329472255079391,0.19080450922754824,0.2985890287355972
ETH,GARCH+weekday + own volume,1438,-0.1850953049524039,-0.15526006943686851,-0.5776357591057909,0.3644596858365482
ETH,GARCH+weekday + own AND total,1438,1.5827433494611243,0.9393201831854195,0.7948866954450305,0.5014287817098171
ETH,total volume ON TOP of own volume,1438,1.7711169086566696,1.7036068695390956,,
SOL,GARCH+weekday + total volume,1438,-1.3694207716345919,-1.1135379759043635,-1.014251719242709,-0.507566484942624
SOL,GARCH+weekday + own volume,1438,-2.9073037470293754,-2.7966390148585045,-3.373722804258738,-0.5265668015276592
SOL,GARCH+weekday + own AND total,1438,-2.841361889096731,-2.643629357729409,-3.199546047855491,-0.5163177997943994
SOL,total volume ON TOP of own volume,1438,0.06791639379427188,0.15282148912183818,,
