asset,flag,value,days,mean_abs_move_pct,move_vs_usual,big_move_rate,next1_mean_pct,next7_mean_pct,next7_up_share
MARKET,low60,0,1157,1.9418867939412894,0.5706931807869924,0.07605877268798616,-0.005352229104173235,-0.35533737737951765,0.4995678478824546
MARKET,low60,1,569,1.5024128269446666,0.49433259484768144,0.06678383128295255,0.07835930952774962,1.1537317489979768,0.5413005272407733
MARKET,lowq,0,1290,1.8188246457385544,0.5529388464677546,0.08217054263565891,-0.000815963394880786,0.16842186840088041,0.5255813953488372
MARKET,lowq,1,360,1.5567472269455715,0.4806734608187713,0.044444444444444446,0.1036034779179204,0.0067181041023677505,0.4638888888888889
BTC,low60,0,1157,1.9283349528100162,0.5432646334735437,0.07519446845289542,-0.008923538469044402,-0.3221576216642271,0.4995678478824546
BTC,low60,1,570,1.5668929437767338,0.4436770798866937,0.07017543859649122,0.14351802697390603,1.4813504162023274,0.5543859649122806
BTC,lowq,0,1290,1.8422999420386437,0.5131221610959487,0.08217054263565891,-0.00488978707626585,0.25024566122157027,0.5186046511627908
BTC,lowq,1,361,1.5414981839585589,0.4773477616232809,0.0443213296398892,0.19846937847154048,0.2566811841337139,0.5041551246537396
ETH,low60,0,1157,2.697667412801261,0.5389245335023887,0.07346585998271392,-0.0914011899153023,-0.8527730883781851,0.4762316335350043
ETH,low60,1,570,1.9850595451308868,0.470715009486957,0.06315789473684211,0.15573549452800525,1.4712689817860654,0.5421052631578948
ETH,lowq,0,1290,2.511204590519254,0.5293727010509783,0.07984496124031008,-0.06504985336078702,-0.15895533353408578,0.4937984496124031
ETH,lowq,1,361,2.129515844877671,0.44089183609338906,0.04155124653739612,0.18588201051260422,0.11399003303539651,0.5069252077562327
SOL,low60,0,1157,3.553838515896115,0.6251165432227821,0.06309420916162489,-0.11386430169339831,-1.3450038259066028,0.4606741573033708
SOL,low60,1,570,3.2846664373316057,0.5787181476728822,0.06491228070175438,0.18623177645650213,2.353188779899181,0.5210526315789473
SOL,lowq,0,1290,3.5450859471798255,0.6315881990985126,0.07131782945736434,0.00900756145127219,0.06321170605424199,0.49612403100775193
SOL,lowq,1,361,2.9974641663072803,0.5258356904834468,0.04155124653739612,-0.012734215218160356,-0.36111642246028103,0.42382271468144045
