asset,pred,y,n,beta,t
MARKET,rel,size,1725,0.3571964172432792,3.4022604960569702
MARKET,rel,big,1726,0.0839396037282942,3.440150566348424
MARKET,rel,swing3,1726,0.22792630399484679,2.4937189739405534
MARKET,rel,swing7,1726,0.18063674373242075,1.7283289985439652
MARKET,rel,dir1,1726,0.3191983997742603,1.4374290135852248
MARKET,rel,dir3,1724,0.7538082851266781,1.5347013949596333
MARKET,rel,dir7,1720,1.147075092028313,1.1310750319837009
MARKET,lowq,size,1650,-0.14280288799726826,-1.7482111011653967
MARKET,lowq,big,1651,-0.03764755747969907,-2.2253749972185513
MARKET,lowq,swing3,1651,-0.14746675714908278,-2.0479427253245115
MARKET,lowq,swing7,1651,-0.16306746578080925,-2.2207886015404967
MARKET,lowq,dir1,1651,0.04680394495132012,0.25977505160512754
MARKET,lowq,dir3,1649,0.06847551648919706,0.18116140353367016
MARKET,lowq,dir7,1645,-0.26815961167896585,-0.4258600688656666
MARKET,low60,size,1726,-0.08624270801614554,-1.268121525233741
MARKET,low60,big,1727,0.003953382088985958,0.2827596571936147
MARKET,low60,swing3,1727,-0.09097129210027216,-1.3759058574263336
MARKET,low60,swing7,1727,-0.03588344242557546,-0.4850709367275398
MARKET,low60,dir1,1727,0.05356022050129312,0.41485592945902233
MARKET,low60,dir3,1725,0.4312534665915143,1.31209677684795
MARKET,low60,dir7,1721,1.673182800736001,2.5396228673486925
BTC,rel,size,1726,0.3749302077580443,3.525656524391568
BTC,rel,big,1726,0.0755970712967736,3.230440112866391
BTC,rel,swing3,1726,0.1655232921635689,1.8129863774930237
BTC,rel,swing7,1726,0.14315902987375395,1.2929651213426727
BTC,rel,dir1,1726,0.2630030579067101,1.1133742446275392
BTC,rel,dir3,1724,0.6479249095933034,1.208011330787684
BTC,rel,dir7,1720,0.9327798771813975,0.8811214627451861
BTC,lowq,size,1651,-0.15811625120348421,-1.6642662736192702
BTC,lowq,big,1651,-0.034807020302863347,-1.9711492237784012
BTC,lowq,swing3,1651,-0.0855176073879745,-1.1610193132310618
BTC,lowq,swing7,1651,-0.12039450354276551,-1.5659373773375267
BTC,lowq,dir1,1651,0.11043341157152851,0.5834202106229438
BTC,lowq,dir3,1649,0.14436598008575346,0.3449046016877345
BTC,lowq,dir7,1645,-0.009877485885934744,-0.015192701224049946
BTC,low60,size,1727,-0.15019660888760492,-2.1973116146927856
BTC,low60,big,1727,0.011882829621506307,0.8000908030663103
BTC,low60,swing3,1727,-0.10513868808197219,-1.5527131226473236
BTC,low60,swing7,1727,-0.04246858385637437,-0.5487613334687752
BTC,low60,dir1,1727,0.09387800670343797,0.6667978592608004
BTC,low60,dir3,1725,0.5873425429648013,1.653753955599547
BTC,low60,dir7,1721,1.9998671345510732,2.875328045387213
ETH,rel,size,1726,0.3646911304164059,3.3535380857996024
ETH,rel,big,1726,0.09615401787947117,3.6835614788777686
ETH,rel,swing3,1726,0.20613631435868698,2.1543211818539345
ETH,rel,swing7,1726,0.07521803876097438,0.6421053656529595
ETH,rel,dir1,1726,0.15599265265021112,0.5002899927140531
ETH,rel,dir3,1724,0.22505586455825433,0.34782587808067106
ETH,rel,dir7,1720,0.025736472956401912,0.020744572323483153
ETH,lowq,size,1651,-0.11231106115870577,-1.2379261081925588
ETH,lowq,big,1651,-0.04874225570002679,-2.7596759188467983
ETH,lowq,swing3,1651,-0.15656111972481937,-2.260440388777065
ETH,lowq,swing7,1651,-0.11010832878598945,-1.4609261350760312
ETH,lowq,dir1,1651,0.203965112709346,0.8430552812885829
ETH,lowq,dir3,1649,0.47732164054930243,0.9542263410200251
ETH,lowq,dir7,1645,0.38135449142861755,0.44556895369670135
ETH,low60,size,1727,-0.02831417048147742,-0.3752046927898726
ETH,low60,big,1727,-0.004424602268555592,-0.31404483438682973
ETH,low60,swing3,1727,-0.07816780777281851,-1.1303030212214447
ETH,low60,swing7,1727,0.0035021300858541033,0.04578620217242395
ETH,low60,dir1,1727,0.22093179461905796,1.2872165461890328
ETH,low60,dir3,1725,0.7742604149995936,1.7855207640796473
ETH,low60,dir7,1721,2.57755761204568,3.007555405588386
SOL,rel,size,1726,0.17816295368060317,1.8191524392770064
SOL,rel,big,1726,0.09313368420155357,3.406528292726754
SOL,rel,swing3,1726,0.20317561353158492,2.4918086732112776
SOL,rel,swing7,1726,0.19663599498534964,1.9080751609498263
SOL,rel,dir1,1726,0.5397035931732055,1.0322004483622425
SOL,rel,dir3,1724,1.290356534074328,1.1438031245967073
SOL,rel,dir7,1720,1.603512336763031,0.6781499727138044
SOL,lowq,size,1651,-0.09027802761292383,-1.0576935181507165
SOL,lowq,big,1651,-0.028401722227051066,-1.7401005429766874
SOL,lowq,swing3,1651,-0.10950262789843655,-1.7404516540374173
SOL,lowq,swing7,1651,-0.12783700213119745,-1.6701633240893012
SOL,lowq,dir1,1651,-0.05385731337636672,-0.16963261553711778
SOL,lowq,dir3,1649,-0.11636928665305764,-0.15899060774876056
SOL,lowq,dir7,1645,-0.775144733358825,-0.5794350376174716
SOL,low60,size,1727,0.012642618962832438,0.2010707651746947
SOL,low60,big,1727,0.011400167963129655,0.741703603149603
SOL,low60,swing3,1727,-0.07107771505270044,-1.3086629169097055
SOL,low60,swing7,1727,-0.029465611935818026,-0.4066531851288086
SOL,low60,dir1,1727,0.33671891506862156,1.2624753171807999
SOL,low60,dir3,1725,1.231453612596999,1.707598114301136
SOL,low60,dir7,1721,4.08203257915798,2.618607255371762
